239,KOSCIUSKO-WM - #239
1638,EUFAULA-WM - #1638
5085,BELMONT-WM - #5085
569,COLUMBIA-WM - #569
712,SCOTTSBORO-WM - #712
4695,Godfrey-WM - #4695
5392,BAXLEY-WM - #5392
1,Rogers-WM - #1
2,HARRISON-WM - #2
3,COMMERCE-WM - #3
4,Siloam Springs-WM - #4
5,CONWAY-WM - #5
7,SHERWOOD-WM - #7
8,MORRILTON-WM - #8
9,SIKESTON-WM - #9
10,TAHLEQUAH-WM - #10
11,MOUNTAIN HOME-WM - #11
12,CLAREMORE-WM - #12
13,CARTHAGE-WM - #13
14,LEBANON-WM - #14
15,WEST PLAINS-WM - #15
16,VAN BUREN-WM - #16
18,NEWPORT-WM - #18
19,POPLAR BLUFF-WM - #19
20,CLINTON-WM - #20
21,SAINT ROBERT-WM - #21
22,PRYOR-WM - #22
23,RUSTON-WM - #23
24,JACKSONVILLE-WM - #24
25,MEXICO-WM - #25
27,SALEM-WM - #27
28,MIAMI-WM - #28
29,JEFFERSON CITY-WM - #29
30,DEXTER-WM - #30
31,POTEAU-WM - #31
32,BRANSON-WM - #32
33,NASHVILLE-WM - #33
34,NEVADA-WM - #34
36,PARAGOULD-WM - #36
37,FARMINGTON-WM - #37
40,MOBERLY-WM - #40
41,BARTLESVILLE-WM - #41
42,COFFEYVILLE-WM - #42
45,JONESBORO-WM - #45
46,BOLIVAR-WM - #46
47,SALLISAW-WM - #47
48,MONETT-WM - #48
50,VINITA-WM - #50
52,HOT SPRINGS-WM - #52
54,Springdale-WM - #54
55,BOONEVILLE-WM - #55
58,RUSSELLVILLE-WM - #58
60,TROY-WM - #60
61,WARRENSBURG-WM - #61
62,BLYTHEVILLE-WM - #62
63,Wagoner-WM - #63
64,BROWNSVILLE-WM - #64
65,SULLIVAN-WM - #65
66,CLARKSVILLE-WM - #66
67,MENA-WM - #67
68,WYNNE-WM - #68
69,FESTUS-WM - #69
70,WEST MEMPHIS-WM - #70
71,POCAHONTAS-WM - #71
72,PITTSBURG-WM - #72
73,Sapulpa-WM - #73
74,OSCEOLA-WM - #74
75,PINEVILLE-WM - #75
76,BERRYVILLE-WM - #76
78,MARSHFIELD-WM - #78
79,JOPLIN-WM - #79
81,STILWELL-WM - #81
83,MAGNOLIA-WM - #83
85,BENTON-WM - #85
86,SPRINGFIELD-WM - #86
87,MINDEN-WM - #87
88,MOUNTAIN GROVE-WM - #88
89,CAMDENTON-WM - #89
91,FORREST CITY-WM - #91
92,AURORA-WM - #92
93,COVINGTON-WM - #93
94,MILLINGTON-WM - #94
95,DESLOGE-WM - #95
97,RIPLEY-WM - #97
100,Bentonville-WM - #100
101,ROLLA-WM - #101
102,STUTTGART-WM - #102
103,SHAWNEE-WM - #103
104,MILAN-WM - #104
105,CORINTH-WM - #105
106,FULTON-WM - #106
107,MARTIN-WM - #107
111,CHANUTE-WM - #111
112,STARKVILLE-WM - #112
113,CHICKASHA-WM - #113
114,BOONEVILLE-WM - #114
115,WEST POINT-WM - #115
118,AMORY-WM - #118
119,BATESVILLE-WM - #119
120,HUMBOLDT-WM - #120
121,OKMULGEE-WM - #121
124,LITTLE ROCK-WM - #124
125,Fort Smith-WM - #125
126,LITTLE ROCK-WM - #126
129,ARDMORE-WM - #129
130,MUSKOGEE-WM - #130
133,ASHDOWN-WM - #133
134,Elk City-WM - #134
137,STILLWATER-WM - #137
138,SPRINGFIELD-WM - #138
139,Purcell-WM - #139
141,FORT SMITH-WM - #141
143,BENTON-WM - #143
144,Fayetteville-WM - #144
145,BOWLING GREEN-WM - #145
149,JONESBORO-WM - #149
151,MCALESTER-WM - #151
152,DE SOTO-WM - #152
153,NEW ALBANY-WM - #153
154,ABINGDON-WM - #154
157,SEARCY-WM - #157
159,COLUMBIA-WM - #159
160,ASH FLAT-WM - #160
161,HUNTINGDON-WM - #161
164,PONTOTOC-WM - #164
166,HOUSTON-WM - #166
167,CROSSETT-WM - #167
170,NATCHITOCHES-WM - #170
171,CAMDEN-WM - #171
172,WASHINGTON-WM - #172
173,POTOSI-WM - #173
174,Cocoa-WM - #174
175,COLLIERVILLE-WM - #175
176,RIPLEY-WM - #176
177,PARIS-WM - #177
179,SPRINGFIELD-WM - #179
182,GREENVILLE-WM - #182
183,LOUISVILLE-WM - #183
188,CAPE GIRARDEAU-WM - #188
189,KIRKSVILLE-WM - #189
190,KENNETT-WM - #190
192,COLUMBIA-WM - #192
196,CARBONDALE-WM - #196
197,MACOMB-WM - #197
199,LINCOLN-WM - #199
200,JACKSONVILLE-WM - #200
201,BELLEVILLE-WM - #201
204,PRINCETON-WM - #204
205,PHILADELPHIA-WM - #205
207,Cleveland-WM - #207
213,LITCHFIELD-WM - #213
216,Marion-WM - #216
218,SELMER-WM - #218
219,SEDALIA-WM - #219
221,Yukon-WM - #221
222,SPARTA-WM - #222
224,MOUNT VERNON-WM - #224
227,El Reno-WM - #227
230,PARIS-WM - #230
231,ADA-WM - #231
237,HARRISBURG-WM - #237
238,PULASKI-WM - #238
243,WENTZVILLE-WM - #243
253,JERSEYVILLE-WM - #253
254,Olney-WM - #254
258,TUPELO-WM - #258
261,HOT SPRINGS-WM - #261
262,BENTON-WM - #262
264,DICKSON-WM - #264
267,WEBB CITY-WM - #267
268,SAVANNAH-WM - #268
269,LAWTON-WM - #269
272,FRANKLIN-WM - #272
273,Fulton-WM - #273
277,MOORE-WM - #277
278,SHREVEPORT-WM - #278
279,DE QUEEN-WM - #279
281,Heber Spgs-WM - #281
282,FRANKLIN-WM - #282
287,JASPER-WM - #287
289,MCGEHEE-WM - #289
294,CENTRAL CITY-WM - #294
296,DARDANELLE-WM - #296
298,BOAZ-WM - #298
299,BOWLING GREEN-WM - #299
301,GADSDEN-WM - #301
302,MURPHYSBORO-WM - #302
303,HOLLY SPRINGS-WM - #303
304,SPRINGFIELD-WM - #304
306,ARAB-WM - #306
307,WEST MONROE-WM - #307
308,MANCHESTER-WM - #308
309,ABBEVILLE-WM - #309
310,CROWLEY-WM - #310
311,FRANKLIN-WM - #311
313,HIGH RIDGE-WM - #313
314,FAYETTEVILLE-WM - #314
315,ONEONTA-WM - #315
316,ATTALLA-WM - #316
317,VANDALIA-WM - #317
318,ARKADELPHIA-WM - #318
328,WATERLOO-WM - #328
329,ANNISTON-WM - #329
331,SULPHUR-WM - #331
332,Huntsville-WM - #332
333,BEAVER DAM-WM - #333
335,JACKSON-WM - #335
338,LAMAR-WM - #338
340,CHECOTAH-WM - #340
343,TAYLORVILLE-WM - #343
347,INDIANOLA-WM - #347
348,MONTICELLO-WM - #348
355,OPELIKA-WM - #355
356,AUBURN-WM - #356
358,ALMA-WM - #358
359,Fayetteville-WM - #359
360,CUSHING-WM - #360
361,COLLINSVILLE-WM - #361
362,WINFIELD-WM - #362
363,MARSHALL-WM - #363
365,PEARL-WM - #365
366,MADISONVILLE-WM - #366
368,PARSONS-WM - #368
376,BOSSIER CITY-WM - #376
379,OZARK-WM - #379
386,JENNINGS-WM - #386
388,FORT SMITH-WM - #388
389,Edmond-WM - #389
390,WAVERLY-WM - #390
391,TUPELO-WM - #391
393,JACKSON-WM - #393
394,MOULTON-WM - #394
396,ANDERSON-WM - #396
403,RUSSELLVILLE-WM - #403
405,LEESVILLE-WM - #405
406,SMYRNA-WM - #406
409,HALEYVILLE-WM - #409
410,MURRAY-WM - #410
415,BROUSSARD-WM - #415
416,MURFREESBORO-WM - #416
422,ROBINSON-WM - #422
423,Alabaster-WM - #423
424,CLANTON-WM - #424
430,MAYFIELD-WM - #430
431,PADUCAH-WM - #431
432,Talladega-WM - #432
433,HUNTSVILLE-WM - #433
444,SPRINGFIELD-WM - #444
445,LEITCHFIELD-WM - #445
448,SHREVEPORT-WM - #448
450,SHREVEPORT-WM - #450
451,Columbia-WM - #451
454,FAIRFIELD-WM - #454
459,COVINGTON-WM - #459
466,BOLIVAR-WM - #466
468,TEXARKANA-WM - #468
469,LAKE CHARLES-WM - #469
472,BROKEN ARROW-WM - #472
477,SODDY DAISY-WM - #477
479,ALTUS-WM - #479
481,MATTOON-WM - #481
483,PRATTVILLE-WM - #483
489,HAMMOND-WM - #489
491,PADUCAH-WM - #491
492,VINCENNES-WM - #492
493,PARIS-WM - #493
494,NEWNAN-WM - #494
495,COLUMBUS-WM - #495
497,SHELBYVILLE-WM - #497
499,ENID-WM - #499
501,LAUREL-WM - #501
502,CUT OFF-WM - #502
505,DERIDDER-WM - #505
507,LAWRENCEBURG-WM - #507
510,GAINESVILLE-WM - #510
511,SUMTER-WM - #511
514,AIKEN-WM - #514
515,Murphy-WM - #515
517,MUSTANG-WM - #517
518,Canton-WM - #518
519,HARRODSBURG-WM - #519
520,Winder-WM - #520
521,LAKE CHARLES-WM - #521
526,LOUISVILLE-WM - #526
530,EL DORADO-WM - #530
531,Lafayette-WM - #531
533,NEW IBERIA-WM - #533
538,Gainesville-WM - #538
540,MORGAN CITY-WM - #540
541,COVINGTON-WM - #541
543,OPELOUSAS-WM - #543
544,Del City-WM - #544
547,Plant City-WM - #547
548,Lawrenceville-WM - #548
551,PALATKA-WM - #551
553,Slidell-WM - #553
555,DUBLIN-WM - #555
556,WAYCROSS-WM - #556
562,LEEDS-WM - #562
563,Orange City-WM - #563
564,OKLAHOMA CITY-WM - #564
571,GEORGETOWN-WM - #571
574,Surfside Beach-WM - #574
575,Woodstock-WM - #575
578,SEVIERVILLE-WM - #578
579,ST AUGUSTINE-WM - #579
582,Port Orange-WM - #582
583,ONEIDA-WM - #583
584,DRY RIDGE-WM - #584
585,ROCK HILL-WM - #585
586,CONWAY-WM - #586
587,SPARTA-WM - #587
588,ALBANY-WM - #588
589,LOUISVILLE-WM - #589
591,CYNTHIANA-WM - #591
593,DOUGLAS-WM - #593
594,FAYETTEVILLE-WM - #594
599,KINGSPORT-WM - #599
603,PEKIN-WM - #603
604,DOTHAN-WM - #604
605,SAVANNAH-WM - #605
609,HANNIBAL-WM - #609
612,Charleston-WM - #612
613,ORMOND BEACH-WM - #613
614,LAGRANGE-WM - #614
615,CARTERSVILLE-WM - #615
618,HIRAM-WM - #618
619,DAYTON-WM - #619
620,BRISTOL-WM - #620
621,LAKE CITY-WM - #621
622,OKLAHOMA CITY-WM - #622
623,NORTH FORT MYERS-WM - #623
624,NEWBERRY-WM - #624
625,Georgetown-WM - #625
627,DILLON-WM - #627
628,SUMMERVILLE-WM - #628
629,UNION-WM - #629
630,FLORENCE-WM - #630
631,EASLEY-WM - #631
632,MOUNT PLEASANT-WM - #632
634,CAMDEN-WM - #634
638,GAFFNEY-WM - #638
639,BRUNSWICK-WM - #639
640,GREENVILLE-WM - #640
641,GREENVILLE-WM - #641
642,CHERAW-WM - #642
643,MYRTLE BEACH-WM - #643
644,ANDERSON-WM - #644
648,SAINT PETERS-WM - #648
649,Titusville-WM - #649
653,HOPKINSVILLE-WM - #653
655,HANSON-WM - #655
656,SHELBYVILLE-WM - #656
657,COOKEVILLE-WM - #657
658,ROME-WM - #658
659,NASHVILLE-WM - #659
660,MUSCLE SHOALS-WM - #660
661,ATHENS-WM - #661
662,DECATUR-WM - #662
663,ATHENS-WM - #663
665,CAMPBELLSVILLE-WM - #665
666,SEBRING-WM - #666
667,TULLAHOMA-WM - #667
668,MCMINNVILLE-WM - #668
669,Dalton-WM - #669
670,CULLMAN-WM - #670
671,LEBANON-WM - #671
672,ALCOA-WM - #672
673,CLARKSVILLE-WM - #673
674,GALLATIN-WM - #674
675,UNION CITY-WM - #675
676,ROCKWOOD-WM - #676
677,DYERSBURG-WM - #677
678,NEWPORT-WM - #678
680,GREENEVILLE-WM - #680
681,GUNTERSVILLE-WM - #681
682,MURFREESBORO-WM - #682
683,LAWRENCEBURG-WM - #683
684,LEXINGTON-WM - #684
685,MORRISTOWN-WM - #685
686,FITZGERALD-WM - #686
687,CROSSVILLE-WM - #687
688,NASHVILLE-WM - #688
689,SOMERSET-WM - #689
690,ELIZABETHTON-WM - #690
691,FORT PAYNE-WM - #691
692,DANVILLE-WM - #692
694,HENDERSON-WM - #694
695,MADISON-WM - #695
697,OCALA-WM - #697
698,CLEVELAND-WM - #698
699,OXFORD-WM - #699
700,SELMA-WM - #700
701,OWENSBORO-WM - #701
702,WINCHESTER-WM - #702
705,Mount Dora-WM - #705
706,Zephyrhills-WM - #706
708,VICKSBURG-WM - #708
709,ELIZABETHTOWN-WM - #709
710,HERMITAGE-WM - #710
711,GLASGOW-WM - #711
714,WEST HELENA-WM - #714
715,TUSCALOOSA-WM - #715
716,GREENWOOD-WM - #716
718,AUBURNDALE-WM - #718
719,RICHMOND-WM - #719
720,FRANKFORT-WM - #720
721,PORT CHARLOTTE-WM - #721
722,CARROLLTON-WM - #722
723,TROY-WM - #723
724,JEFFERSON CITY-WM - #724
725,HAINES CITY-WM - #725
726,ALEXANDER CITY-WM - #726
727,CEDARTOWN-WM - #727
728,HILTON HEAD ISLAND-WM - #728
729,BARDSTOWN-WM - #729
730,SYLACAUGA-WM - #730
731,DEMOPOLIS-WM - #731
733,VALLEY-WM - #733
734,ENTERPRISE-WM - #734
735,WINCHESTER-WM - #735
736,RUSSELLVILLE-WM - #736
737,LEWISBURG-WM - #737
738,CAMDEN-WM - #738
739,MIDDLESBORO-WM - #739
740,OZARK-WM - #740
741,LENOIR CITY-WM - #741
742,KINGSPORT-WM - #742
743,Oklahoma City-WM - #743
745,STOCKBRIDGE-WM - #745
754,STATESBORO-WM - #754
756,TRION-WM - #756
762,BIRMINGHAM-WM - #762
764,BESSEMER-WM - #764
766,FLORENCE-WM - #766
767,LAKE CITY-WM - #767
769,Venice-WM - #769
771,MERRITT ISLAND-WM - #771
773,EUNICE-WM - #773
778,Punta Gorda-WM - #778
779,Lakeland-WM - #779
780,MONROE-WM - #780
785,WAYNESBORO-WM - #785
788,CLINTON-WM - #788
795,BARNWELL-WM - #795
803,BOGALUSA-WM - #803
805,FENTON-WM - #805
809,OXFORD-WM - #809
811,ARCADIA-WM - #811
814,OKEECHOBEE-WM - #814
815,OSAGE BEACH-WM - #815
816,BROOKHAVEN-WM - #816
817,Kissimmee-WM - #817
819,Cape Coral-WM - #819
820,BOONVILLE-WM - #820
823,PONCA CITY-WM - #823
825,STANFORD-WM - #825
828,Plainfield-WM - #828
833,CARMI-WM - #833
838,SAND SPRINGS-WM - #838
839,BATON ROUGE-WM - #839
848,SOUTHAVEN-WM - #848
853,Mobile-WM - #853
854,FRANKFORT-WM - #854
856,BREMEN-WM - #856
859,LAKE WALES-WM - #859
860,DELAND-WM - #860
862,HINESVILLE-WM - #862
864,Vidalia-WM - #864
866,MOBILE-WM - #866
870,JASPER-WM - #870
874,NATCHEZ-WM - #874
876,MANY-WM - #876
877,MONROE-WM - #877
878,CUMMING-WM - #878
879,LAFAYETTE-WM - #879
881,Lexington-WM - #881
884,SHELBYVILLE-WM - #884
887,PETAL-WM - #887
888,BUTLER-WM - #888
889,THOMASVILLE-WM - #889
890,ORLANDO-WM - #890
894,Tulsa-WM - #894
902,GREENCASTLE-WM - #902
903,JACKSON-WM - #903
904,FOLEY-WM - #904
907,FORSYTH-WM - #907
908,ORLANDO-WM - #908
909,CHALMETTE-WM - #909
911,Marrero-WM - #911
912,New Orleans-WM - #912
914,CASSVILLE-WM - #914
916,HATTIESBURG-WM - #916
919,FORT WALTON BEACH-WM - #919
922,CORYDON-WM - #922
929,PORT ST LUCIE-WM - #929
930,MONTGOMERY-WM - #930
931,Vero Beach-WM - #931
932,GRIFFIN-WM - #932
935,DENHAM SPRINGS-WM - #935
936,EFFINGHAM-WM - #936
937,Marietta-WM - #937
941,VALRICO-WM - #941
942,Ocoee-WM - #942
943,CASSELBERRY-WM - #943
944,CRESTVIEW-WM - #944
948,HICKORY-WM - #948
950,BARTLETT-WM - #950
954,HAZLEHURST-WM - #954
955,APOPKA-WM - #955
959,BUSHNELL-WM - #959
960,DUNNELLON-WM - #960
961,LA PLACE-WM - #961
967,SPRING HILL-WM - #967
968,Winter Haven-WM - #968
969,GULFPORT-WM - #969
970,PICAYUNE-WM - #970
973,FORT PIERCE-WM - #973
974,WEST MELBOURNE-WM - #974
976,WINNSBORO-WM - #976
981,MERIDIAN-WM - #981
987,FORT MYERS-WM - #987
988,Lutz-WM - #988
989,METAIRIE-WM - #989
990,MILTON-WM - #990
991,MOBILE-WM - #991
992,TULSA-WM - #992
994,NEW PORT RICHEY-WM - #994
995,FRANKLIN-WM - #995
1002,LINTON-WM - #1002
1004,Bradenton-WM - #1004
323,MANSFIELD-WM - #323
1006,CORDELE-WM - #1006
1009,REPUBLIC-WM - #1009
1010,ROCKINGHAM-WM - #1010
1011,RINCON-WM - #1011
1016,Thibodaux-WM - #1016
1017,MANNING-WM - #1017
1018,EASTMAN-WM - #1018
1021,WARRENTON-WM - #1021
1023,GALAX-WM - #1023
1024,SWAINSBORO-WM - #1024
1025,MCCOMB-WM - #1025
1026,Bedford-WM - #1026
1027,CONCORD-WM - #1027
1028,EAST PEORIA-WM - #1028
1029,HOMOSASSA-WM - #1029
1030,LANCASTER-WM - #1030
1032,LYNN HAVEN-WM - #1032
1033,SEYMOUR-WM - #1033
1034,SHELBY-WM - #1034
1035,SPARTANBURG-WM - #1035
1036,FOREST CITY-WM - #1036
1037,Summerville-WM - #1037
1039,MOUNT AIRY-WM - #1039
1048,WILLIAMSBURG-WM - #1048
1053,LA GRANGE-WM - #1053
1056,Newcastle-WM - #1056
1059,FOREST-WM - #1059
1060,MORGANTON-WM - #1060
1064,LENOIR-WM - #1064
1065,HOPE-WM - #1065
1066,PASCAGOULA-WM - #1066
1070,EAST ELLIJAY-WM - #1070
1071,WOOD RIVER-WM - #1071
1072,TIFTON-WM - #1072
1074,GRENADA-WM - #1074
1075,CLARKSVILLE-WM - #1075
1076,MACON-WM - #1076
1077,TALLAHASSEE-WM - #1077
1080,JOHNSON CITY-WM - #1080
1081,Gainesville-WM - #1081
1082,JACKSONVILLE-WM - #1082
1083,JACKSONVILLE-WM - #1083
1084,ORLANDO-WM - #1084
1085,PORT RICHEY-WM - #1085
1086,Saint Cloud-WM - #1086
1087,STUART-WM - #1087
1088,BILOXI-WM - #1088
1089,KIMBALL-WM - #1089
1090,JACKSONVILLE-WM - #1090
1091,ANDALUSIA-WM - #1091
1096,MOCKSVILLE-WM - #1096
1097,ABERDEEN-WM - #1097
1100,HAMILTON-WM - #1100
1101,WETUMPKA-WM - #1101
1102,BAKER-WM - #1102
1104,INVERNESS-WM - #1104
1105,NORTH LITTLE ROCK-WM - #1105
1106,VIDALIA-WM - #1106
1107,OAKDALE-WM - #1107
1108,OAK GROVE-WM - #1108
1109,RAYVILLE-WM - #1109
1111,HARTWELL-WM - #1111
1112,THOMASTON-WM - #1112
1113,LONDON-WM - #1113
1114,MOUNTAIN VIEW-WM - #1114
1115,HOHENWALD-WM - #1115
1116,DUNCAN-WM - #1116
1119,Naples-WM - #1119
1121,MILLEDGEVILLE-WM - #1121
1122,EASTANOLLEE-WM - #1122
1123,SENECA-WM - #1123
1128,MARKSVILLE-WM - #1128
1130,LAURENS-WM - #1130
1132,ASHEBORO-WM - #1132
1133,ALBEMARLE-WM - #1133
1134,DE FUNIAK SPRINGS-WM - #1134
1135,HARTSVILLE-WM - #1135
1139,MOREHEAD-WM - #1139
1140,MOUNT STERLING-WM - #1140
1141,GREENFIELD-WM - #1141
1142,SCOTTSBURG-WM - #1142
1143,SANDERSVILLE-WM - #1143
1144,YORK-WM - #1144
1146,MONCKS CORNER-WM - #1146
1147,FLIPPIN-WM - #1147
1155,LUMBERTON-WM - #1155
1157,NORTH VERNON-WM - #1157
1158,BIRMINGHAM-WM - #1158
1161,SAINT CHARLES-WM - #1161
1162,WASHINGTON-WM - #1162
1165,RADCLIFF-WM - #1165
1168,COLUMBIA-WM - #1168
1169,SPRINGHILL-WM - #1169
1170,LOUISVILLE-WM - #1170
1171,SARASOTA-WM - #1171
1172,Jacksonville-WM - #1172
1173,JACKSONVILLE-WM - #1173
1174,THOMASVILLE-WM - #1174
1177,MANCHESTER-WM - #1177
1179,Arden-WM - #1179
1180,GREENSBURG-WM - #1180
1181,Marietta-WM - #1181
1183,WEST COLUMBIA-WM - #1183
1187,IOLA-WM - #1187
1188,BRIDGETON-WM - #1188
1189,BARBOURVILLE-WM - #1189
1190,BEREA-WM - #1190
1191,HILLSBOROUGH-WM - #1191
1192,MAGEE-WM - #1192
1193,MONROE-WM - #1193
1194,OAK RIDGE-WM - #1194
1195,WAVELAND-WM - #1195
1197,ROCKY MOUNT-WM - #1197
1201,GARDENDALE-WM - #1201
1203,Wimauma-WM - #1203
1205,MACCLENNY-WM - #1205
1206,BATON ROUGE-WM - #1206
1209,LINCOLNTON-WM - #1209
1210,NICHOLASVILLE-WM - #1210
1212,SARALAND-WM - #1212
1213,Brooksville-WM - #1213
1215,CALHOUN-WM - #1215
1217,FRANKLIN-WM - #1217
1219,JACKSONVILLE-WM - #1219
1222,PENSACOLA-WM - #1222
1223,Tallahassee-WM - #1223
1224,PENSACOLA-WM - #1224
1225,Orange Park-WM - #1225
1226,ASHLAND CITY-WM - #1226
1229,HOOVER-WM - #1229
1233,PAINTSVILLE-WM - #1233
1234,MONTICELLO-WM - #1234
1237,ERWIN-WM - #1237
1238,FAYETTEVILLE-WM - #1238
1242,HENDERSONVILLE-WM - #1242
1244,TAYLORS-WM - #1244
1245,LAKELAND-WM - #1245
1247,HAZARD-WM - #1247
1248,MEMPHIS-WM - #1248
1255,LAURINBURG-WM - #1255
1259,CORBIN-WM - #1259
1260,LUCEDALE-WM - #1260
1261,FAYETTEVILLE-WM - #1261
1263,EVANSVILLE-WM - #1263
1266,Baton Rouge-WM - #1266
1268,WHITEVILLE-WM - #1268
1270,NORTH AUGUSTA-WM - #1270
1271,MERIDIAN-WM - #1271
1275,LEBANON-WM - #1275
1281,Spartanburg-WM - #1281
1283,STARKE-WM - #1283
1284,PHENIX CITY-WM - #1284
1286,COLUMBIA-WM - #1286
1287,BURLINGTON-WM - #1287
1288,ROXBORO-WM - #1288
1290,WILKESBORO-WM - #1290
1293,AUGUSTA-WM - #1293
1294,MARION-WM - #1294
1297,CHIEFLAND-WM - #1297
1298,JACKSONVILLE-WM - #1298
1300,NEW BERN-WM - #1300
1302,NORTON-WM - #1302
1304,Warsaw-WM - #1304
1307,BOURBONNAIS-WM - #1307
1310,TERRE HAUTE-WM - #1310
1311,Columbus-WM - #1311
1314,Buford-WM - #1314
1317,ASHEVILLE-WM - #1317
1318,KNOXVILLE-WM - #1318
1319,KNOXVILLE-WM - #1319
1320,KNOXVILLE-WM - #1320
1321,SMITHFIELD-WM - #1321
1322,LEXINGTON-WM - #1322
1327,MADISON-WM - #1327
1329,LOGANSPORT-WM - #1329
1336,MARION-WM - #1336
1337,ELKIN-WM - #1337
1340,LITHONIA-WM - #1340
1341,EVANSVILLE-WM - #1341
1342,Kenner-WM - #1342
1346,OCEAN SPRINGS-WM - #1346
1351,BECKLEY-WM - #1351
1352,WALLACE-WM - #1352
1353,Harahan-WM - #1353
1354,WASHINGTON-WM - #1354
1355,MOREHEAD CITY-WM - #1355
1356,MARTINSVILLE-WM - #1356
1358,WALTERBORO-WM - #1358
1359,NORTH CHARLESTON-WM - #1359
1360,FAYETTEVILLE-WM - #1360
1362,Destin-WM - #1362
1363,MADISON-WM - #1363
1367,WARNER ROBINS-WM - #1367
1368,WEST UNION-WM - #1368
1371,COLUMBUS-WM - #1371
1372,Raleigh-WM - #1372
1375,MARIANNA-WM - #1375
1376,HENDERSONVILLE-WM - #1376
1378,GOSHEN-WM - #1378
1379,GREENVILLE-WM - #1379
1382,GREENWOOD-WM - #1382
1383,BEAUFORT-WM - #1383
1385,GASTONIA-WM - #1385
1386,PONTIAC-WM - #1386
1388,KENDALLVILLE-WM - #1388
1390,PINELLAS PARK-WM - #1390
1391,DAYTONA BEACH-WM - #1391
1392,WILMINGTON-WM - #1392
1395,CENTRALIA-WM - #1395
1400,ATHENS-WM - #1400
1403,CORNELIA-WM - #1403
1408,TALLAHASSEE-WM - #1408
1418,O FALLON-WM - #1418
1419,FORT WAYNE-WM - #1419
1421,WASHINGTON-WM - #1421
1425,COLUMBIA CITY-WM - #1425
1426,ASHLAND-WM - #1426
1436,Greenacres-WM - #1436
1444,JACKSONVILLE-WM - #1444
1450,RIPLEY-WM - #1450
1454,QUINCY-WM - #1454
1458,FORT OGLETHORPE-WM - #1458
1459,INDIANAPOLIS-WM - #1459
1462,GREENVILLE-WM - #1462
1464,CHARLOTTE-WM - #1464
1466,JACKSBORO-WM - #1466
1468,BATESVILLE-WM - #1468
1469,Chattanooga-WM - #1469
1476,CLARKSVILLE-WM - #1476
1477,SUMMERSVILLE-WM - #1477
1478,SOUTH POINT-WM - #1478
1481,HOMEWOOD-WM - #1481
1482,TAMPA-WM - #1482
1488,DOUGLASVILLE-WM - #1488
1493,MONROEVILLE-WM - #1493
1498,GREENSBORO-WM - #1498
3785,PENSACOLA-WM - #3785
1505,PIKEVILLE-WM - #1505
1514,ARNOLD-WM - #1514
1519,JACKSON-WM - #1519
1522,ELKINS-WM - #1522
1536,St Petersburg-WM - #1536
1541,WEST PALM BEACH-WM - #1541
1544,CLARKSBURG-WM - #1544
1547,LAFAYETTE-WM - #1547
1548,WATSEKA-WM - #1548
1552,SALISBURY-WM - #1552
1558,Eden-WM - #1558
1561,MEMPHIS-WM - #1561
1564,NEW BOSTON-WM - #1564
1566,Goshen-WM - #1566
1568,HERMITAGE-WM - #1568
1569,MAYSVILLE-WM - #1569
1570,AUBURN-WM - #1570
1579,OXFORD-WM - #1579
1580,INDIANAPOLIS-WM - #1580
1586,Austell-WM - #1586
1590,HIALEAH-WM - #1590
1597,Tulsa-WM - #1597
1601,Carmel-WM - #1601
1602,SPRINGFIELD-WM - #1602
1605,PENSACOLA-WM - #1605
1606,HIXSON-WM - #1606
1614,DURHAM-WM - #1614
1620,BREWTON-WM - #1620
1626,OKLAHOMA CITY-WM - #1626
1639,Rochester-WM - #1639
1647,DECATUR-WM - #1647
1653,WESTON-WM - #1653
1655,CRAWFORDSVILLE-WM - #1655
1658,THOMSON-WM - #1658
1661,KINSTON-WM - #1661
1662,STATESVILLE-WM - #1662
1663,WAYNESVILLE-WM - #1663
1664,WILSON-WM - #1664
1665,MUNCIE-WM - #1665
1666,Charlotte-WM - #1666
1674,HAGERSTOWN-WM - #1674
1675,LEBANON-WM - #1675
1676,TELL CITY-WM - #1676
1680,KENDALL-WM - #1680
1690,DECATUR-WM - #1690
1694,MARION-WM - #1694
1702,Melbourne-WM - #1702
1703,MARTINSBURG-WM - #1703
1707,EAST LIVERPOOL-WM - #1707
1709,ANGOLA-WM - #1709
1710,CLINTON-WM - #1710
1711,BIRMINGHAM-WM - #1711
1714,FAIRMONT-WM - #1714
1720,Snellville-WM - #1720
1728,ANDERSON-WM - #1728
1729,CONNERSVILLE-WM - #1729
1734,CHAMPAIGN-WM - #1734
1739,WASHINGTON-WM - #1739
1743,HARLAN-WM - #1743
1745,RICHMOND-WM - #1745
1748,Charleston-WM - #1748
1751,RALEIGH-WM - #1751
1758,NEW CASTLE-WM - #1758
1761,GRANITE CITY-WM - #1761
1763,BLUEFIELD-WM - #1763
1765,SOMERSET-WM - #1765
1767,SHALLOTTE-WM - #1767
1978,PLYMOUTH-WM - #1978
1770,Cranberry Township-WM - #1770
1774,SANFORD-WM - #1774
1782,VIENNA-WM - #1782
1783,PRINCETON-WM - #1783
1804,FORT WAYNE-WM - #1804
1821,Charlotte-WM - #1821
1829,MARION-WM - #1829
1842,GREENSBORO-WM - #1842
1845,Cooper City-WM - #1845
1847,OCALA-WM - #1847
1849,WINSTON SALEM-WM - #1849
1851,NORTH LAUDERDALE-WM - #1851
1874,Englewood-WM - #1874
1883,MONACA-WM - #1883
1885,BUTLER-WM - #1885
1916,COCONUT CREEK-WM - #1916
1935,JOHNSTOWN-WM - #1935
1948,WEIRTON-WM - #1948
1953,LOUISBURG-WM - #1953
1957,Naples-WM - #1957
1960,TAMPA-WM - #1960
1962,KOKOMO-WM - #1962
1991,BLOOMINGTON-WM - #1991
1996,HALLANDALE BEACH-WM - #1996
2005,KANNAPOLIS-WM - #2005
2019,UNIONTOWN-WM - #2019
2027,LAVALE-WM - #2027
2036,SOUTH CHARLESTON-WM - #2036
2058,Raleigh-WM - #2058
2059,GREENSBURG-WM - #2059
2062,BENTON HARBOR-WM - #2062
2065,KNOXVILLE-WM - #2065
2078,MARIETTA-WM - #2078
2083,MORGANTOWN-WM - #2083
2089,BRISTOL-WM - #2089
2091,DORAL-WM - #2091
2114,CHIPLEY-WM - #2114
2134,CHARLOTTE-WM - #2134
2151,SUNRISE-WM - #2151
2154,DULUTH-WM - #2154
2175,BRANSON WEST-WM - #2175
2193,STEUBENVILLE-WM - #2193
2199,SAINT CLAIRSVILLE-WM - #2199
2213,SAINT LOUIS-WM - #2213
2214,COLUMBIA-WM - #2214
2221,SPRINGFIELD-WM - #2221
2237,Lehigh Acres-WM - #2237
2244,HUNTINGTON-WM - #2244
2247,CARY-WM - #2247
2256,HENDERSON-WM - #2256
2265,Simpsonville-WM - #2265
2281,WEST MIFFLIN-WM - #2281
2287,NEW CASTLE-WM - #2287
2300,PITTSBURGH-WM - #2300
2306,NORTHPORT-WM - #2306
2310,KNOXVILLE-WM - #2310
2311,HUNTINGTON-WM - #2311
2318,INDIANA-WM - #2318
2322,CORDOVA-WM - #2322
2339,West Lafayette-WM - #2339
2348,CHARLESTON-WM - #2348
2387,Brandon-WM - #2387
2388,PORTLAND-WM - #2388
2420,BELLE VERNON-WM - #2420
2440,SYLVA-WM - #2440
2472,WINSTON SALEM-WM - #2472
2474,KEYSER-WM - #2474
2475,CONYERS-WM - #2475
2484,Clewiston-WM - #2484
2491,DANVILLE-WM - #2491
2496,BOONE-WM - #2496
2502,LATROBE-WM - #2502
2513,DAHLONEGA-WM - #2513
2533,Gulf Breeze-WM - #2533
2534,DOTHAN-WM - #2534
2563,PAOLI-WM - #2563
2575,CONWAY-WM - #2575
2576,CROSS LANES-WM - #2576
2580,CLINTON-WM - #2580
2587,CABOT-WM - #2587
2588,NORTH VERSAILLES-WM - #2588
2591,PEMBROKE PINES-WM - #2591
2605,GALLIPOLIS-WM - #2605
2610,LOGAN-WM - #2610
2611,MOUNT PLEASANT-WM - #2611
2615,VALDOSTA-WM - #2615
2616,O FALLON-WM - #2616
2626,LIVE OAK-WM - #2626
2627,Tampa-WM - #2627
2628,LEXINGTON-WM - #2628
2630,JESUP-WM - #2630
2638,ASHLAND-WM - #2638
2654,TOMPKINSVILLE-WM - #2654
2665,SLIDELL-WM - #2665
2678,MISHAWAKA-WM - #2678
2679,ELKHART-WM - #2679
2680,South Bend-WM - #2680
2684,NEW MARTINSVILLE-WM - #2684
2687,Greer-WM - #2687
2690,Madison-WM - #2690
2691,NEW ALBANY-WM - #2691
2695,CLERMONT-WM - #2695
2696,MOOREFIELD-WM - #2696
2702,Nixa-WM - #2702
2703,FLORENCE-WM - #2703
2704,RANDLEMAN-WM - #2704
2706,Harvey-WM - #2706
2712,MYRTLE BEACH-WM - #2712
2713,Trussville-WM - #2713
2715,DIBERVILLE-WM - #2715
2717,HATTIESBURG-WM - #2717
2720,Madison-WM - #2720
2723,SUMITON-WM - #2723
2727,Florida City-WM - #2727
2728,DECATUR-WM - #2728
2730,TARBORO-WM - #2730
2732,VILLA RICA-WM - #2732
2733,PERRY-WM - #2733
2734,Norman-WM - #2734
2739,BAY MINETTE-WM - #2739
2740,TAMPA-WM - #2740
2748,GULF SHORES-WM - #2748
2749,SPRUCE PINE-WM - #2749
2753,CLAYTON-WM - #2753
2755,Flowood-WM - #2755
2757,MURFREESBORO-WM - #2757
2761,POUNDING MILL-WM - #2761
2771,MONTICELLO-WM - #2771
2772,Southport-WM - #2772
2783,LEXINGTON-WM - #2783
2786,AVON-WM - #2786
2789,BOYNTON BEACH-WM - #2789
2792,WAYNE-WM - #2792
2793,KERNERSVILLE-WM - #2793
2796,OLDSMAR-WM - #2796
2804,OKLAHOMA CITY-WM - #2804
2806,BOILING SPRINGS-WM - #2806
2809,Buckhannon-WM - #2809
2811,ATHENS-WM - #2811
2814,HIALEAH-WM - #2814
2823,PARKERSBURG-WM - #2823
2832,HARDEEVILLE-WM - #2832
2833,GRAFTON-WM - #2833
2836,Fuquay Varina-WM - #2836
2843,SUMMERFIELD-WM - #2843
2845,SILER CITY-WM - #2845
2846,OLIVE BRANCH-WM - #2846
2849,MASON-WM - #2849
2852,MOUNDSVILLE-WM - #2852
2860,POOLER-WM - #2860
2881,Kissimmee-WM - #2881
2890,MACON-WM - #2890
2893,INDEPENDENCE-WM - #2893
2894,OAKLAND-WM - #2894
2920,Orange Park-WM - #2920
2928,GOOSE CREEK-WM - #2928
2929,HOPE MILLS-WM - #2929
2932,Knoxville-WM - #2932
2933,PRINCETON-WM - #2933
2934,Paris-WM - #2934
2939,RICHLAND-WM - #2939
2941,ALPHARETTA-WM - #2941
2946,FORT LAUDERDALE-WM - #2946
2963,Coral Springs-WM - #2963
2968,CARROLLTON-WM - #2968
2987,Davie-WM - #2987
2988,LA FAYETTE-WM - #2988
3017,SPRING HILL-WM - #3017
3060,YAZOO CITY-WM - #3060
3075,PANAMA CITY-WM - #3075
3119,Panama City Beach-WM - #3119
3137,FAIRVIEW-WM - #3137
3182,CHAPEL HILL-WM - #3182
3192,Greenville-WM - #3192
3201,Mcdonough-WM - #3201
3205,Lithia Springs-WM - #3205
3207,Sanford-WM - #3207
3210,SPRINGFIELD-WM - #3210
3215,MORGANTOWN-WM - #3215
3222,CENTRAL-WM - #3222
3223,BEAVER FALLS-WM - #3223
3228,DELMONT-WM - #3228
3230,Bryant-WM - #3230
3231,GREENWOOD-WM - #3231
3234,ROGERSVILLE-WM - #3234
3235,NORTH MIAMI BEACH-WM - #3235
3255,SAVOY-WM - #3255
3270,WYTHEVILLE-WM - #3270
3271,CALERA-WM - #3271
3294,LOUISVILLE-WM - #3294
3303,Grundy-WM - #3303
3304,REIDSVILLE-WM - #3304
3307,CRAWFORDVILLE-WM - #3307
3308,Middleburg-WM - #3308
3331,PINE BLUFF-WM - #3331
3347,Winter Haven-WM - #3347
3348,LAKE PARK-WM - #3348
3362,OAK GROVE-WM - #3362
3363,OWENSBORO-WM - #3363
3367,NORTH CHARLESTON-WM - #3367
3371,CHARLOTTE-WM - #3371
3388,LAWRENCEVILLE-WM - #3388
3401,College Park-WM - #3401
3402,Stockbridge-WM - #3402
3403,Dallas-WM - #3403
3415,Tarpon Springs-WM - #3415
3418,Wesley Chapel-WM - #3418
3435,GREENWOOD-WM - #3435
3436,SOUTH BEND-WM - #3436
3439,Navarre-WM - #3439
3459,BLOOMINGTON-WM - #3459
3460,PEORIA-WM - #3460
3461,PEACHTREE CITY-WM - #3461
3462,SUWANEE-WM - #3462
3463,BRANDON-WM - #3463
3471,Acworth-WM - #3471
3474,BRADENTON-WM - #3474
3480,LEBANON-WM - #3480
3483,HOUMA-WM - #3483
3485,BLAIRSVILLE-WM - #3485
3495,CLARKSVILLE-WM - #3495
3503,THOMASVILLE-WM - #3503
3526,BROOKSVILLE-WM - #3526
3527,PORT ST LUCIE-WM - #3527
3528,WIGGINS-WM - #3528
3538,Melbourne-WM - #3538
3595,FAYETTEVILLE-WM - #3595
3602,SPRINGFIELD-WM - #3602
3609,Ellenwood-WM - #3609
3610,LOUISVILLE-WM - #3610
3612,BURLINGTON-WM - #3612
3616,AMITE-WM - #3616
3621,Chamblee-WM - #3621
3625,LAUDERDALE LAKES-WM - #3625
3626,WINSTON SALEM-WM - #3626
3627,Oakwood-WM - #3627
3658,GREENSBORO-WM - #3658
3659,CHATTANOOGA-WM - #3659
3660,CHATTANOOGA-WM - #3660
3700,INDIAN TRAIL-WM - #3700
3702,Jacksonville-WM - #3702
3709,Atlanta-WM - #3709
3717,NASHVILLE-WM - #3717
3738,NATRONA HEIGHTS-WM - #3738
3747,MUNCIE-WM - #3747
3750,WARNER ROBINS-WM - #3750
3772,JONESVILLE-WM - #3772
3775,ATLANTA-WM - #3775
3782,Orlando-WM - #3782
3786,Buford-WM - #3786
3825,HAVELOCK-WM - #3825
3829,JOHNSON CITY-WM - #3829
3835,OOLTEWAH-WM - #3835
3838,TARENTUM-WM - #3838
3851,LAFAYETTE-WM - #3851
3864,JACKSONVILLE-WM - #3864
3868,SHREVEPORT-WM - #3868
3874,Dawsonville-WM - #3874
3877,GAINESVILLE-WM - #3877
3887,Avon Park-WM - #3887
3889,APEX-WM - #3889
3894,LEXINGTON-WM - #3894
4065,Wilmington-WM - #4065
4108,Springdale-WM - #4108
4118,SHEPHERDSVILLE-WM - #4118
4129,Ponchatoula-WM - #4129
4144,AUGUSTA-WM - #4144
4166,SWEETWATER-WM - #4166
4168,BEEBE-WM - #4168
4187,FLORENCE-WM - #4187
4200,Columbus-WM - #4200
4216,COLUMBUS-WM - #4216
4223,MARYVILLE-WM - #4223
4224,CONOVER-WM - #4224
4226,DUNLAP-WM - #4226
4230,Fort Wayne-WM - #4230
4231,FORT WAYNE-WM - #4231
4235,TERRE HAUTE-WM - #4235
4260,Port St Lucie-WM - #4260
4273,LELAND-WM - #4273
4274,Denver-WM - #4274
4277,HURRICANE-WM - #4277
4278,QUINCY-WM - #4278
4295,Alexandria-WM - #4295
4303,Miami-WM - #4303
4318,MILLBROOK-WM - #4318
4323,KANKAKEE-WM - #4323
4330,Chelsea-WM - #4330
4332,ORLANDO-WM - #4332
4334,WEAVERVILLE-WM - #4334
4365,ORLANDO-WM - #4365
4372,KINGWOOD-WM - #4372
4381,BRANSON-WM - #4381
4384,Mount Pleasant-WM - #4384
4399,Elkhart-WM - #4399
4407,Montgomery-WM - #4407
4409,ROCKMART-WM - #4409
4410,GRANITE FALLS-WM - #4410
4417,CAMBY-WM - #4417
4420,LEESVILLE-WM - #4420
4423,MARTINSBURG-WM - #4423
4435,NASHVILLE-WM - #4435
4440,Irmo-WM - #4440
4444,Jacksonville-WM - #4444
4446,WEST PALM BEACH-WM - #4446
4450,MIDDLETOWN-WM - #4450
4457,BENNETTSVILLE-WM - #4457
4459,NASHVILLE-WM - #4459
4461,LOUISA-WM - #4461
4477,High Point-WM - #4477
4482,MOUNT JULIET-WM - #4482
4483,WHITE HOUSE-WM - #4483
4484,Raleigh-WM - #4484
4487,AIKEN-WM - #4487
4497,HUEYTOWN-WM - #4497
4499,ZEBULON-WM - #4499
4501,WEST BROWNSVILLE-WM - #4501
4506,Columbia-WM - #4506
4521,LEXINGTON-WM - #4521
4533,OAKLAND-WM - #4533
4558,COVINGTON-WM - #4558
4564,GOLDSBORO-WM - #4564
4574,Concord-WM - #4574
4588,ORLANDO-WM - #4588
4615,Glenpool-WM - #4615
4616,CLEVELAND-WM - #4616
4635,CLINTON-WM - #4635
4637,BROKEN ARROW-WM - #4637
4644,MOON TOWNSHIP-WM - #4644
4664,CONWAY-WM - #4664
4679,DENHAM SPRINGS-WM - #4679
4681,TAMPA-WM - #4681
5022,New Orleans-WM - #5022
5034,FORT MYERS-WM - #5034
5035,Mulberry-WM - #5035
5036,TAMPA-WM - #5036
5037,Yulee-WM - #5037
5040,Carnegie-WM - #5040
5046,CLAYTON-WM - #5046
5055,NAPLES-WM - #5055
5056,Prairieville-WM - #5056
5058,ANTIOCH-WM - #5058
5063,CHARLOTTE-WM - #5063
5071,LAWTON-WM - #5071
5079,PASS CHRISTIAN-WM - #5079
5087,NORTH MYRTLE BEACH-WM - #5087
5088,TRIADELPHIA-WM - #5088
5113,PELL CITY-WM - #5113
5118,Raleigh-WM - #5118
5126,CENTRE-WM - #5126
5151,ROME-WM - #5151
5172,PERRY-WM - #5172
5173,DALTON-WM - #5173
5174,SEMMES-WM - #5174
5175,ALGOOD-WM - #5175
5196,MEMPHIS-WM - #5196
5218,ST PETERSBURG-WM - #5218
5236,BOWLING GREEN-WM - #5236
5241,NORTH HUNTINGDON-WM - #5241
5250,Kissimmee-WM - #5250
5251,CHATTANOOGA-WM - #5251
5252,LOGANVILLE-WM - #5252
5254,Wake Forest-WM - #5254
5260,Rogers-WM - #5260
5261,Pineville-WM - #5261
5262,Pelham-WM - #5262
5263,CLEVELAND-WM - #5263
5266,Hudson-WM - #5266
5275,WOODSTOCK-WM - #5275
5292,RALEIGH-WM - #5292
5296,BARBOURSVILLE-WM - #5296
5298,GASTONIA-WM - #5298
5301,WEST PALM BEACH-WM - #5301
5313,LAKE SAINT LOUIS-WM - #5313
5319,MACARTHUR-WM - #5319
5326,OCALA-WM - #5326
5339,PITTSBURGH-WM - #5339
5346,MEBANE-WM - #5346
5356,BLAIRSVILLE-WM - #5356
5363,Lovejoy-WM - #5363
5379,CONNELLSVILLE-WM - #5379
5390,MARIETTA-WM - #5390
5391,NAPLES-WM - #5391
5403,URBANA-WM - #5403
5417,LOUISVILLE-WM - #5417
5418,Louisville-WM - #5418
5420,KISSIMMEE-WM - #5420
5422,BAINBRIDGE-WM - #5422
5443,INDIANAPOLIS-WM - #5443
5446,WAYNESBURG-WM - #5446
5455,Palm Bay-WM - #5455
5477,JEFFERSON CITY-WM - #5477
5481,CHARLOTTE-WM - #5481
5482,EATONTON-WM - #5482
5487,TRAVELERS REST-WM - #5487
5489,PEMBROKE-WM - #5489
5616,NASHVILLE-WM - #5616
5703,MADISON-WM - #5703
5705,Garden City Beach-WM - #5705
5706,LITTLE ROCK-WM - #5706
5709,Locust Grove-WM - #5709
5728,Newburgh-WM - #5728
5735,Grovetown-WM - #5735
5743,GARNER-WM - #5743
5745,LAKE WYLIE-WM - #5745
5747,LOCUST-WM - #5747
5772,Lecanto-WM - #5772
5786,JASPER-WM - #5786
5787,RAEFORD-WM - #5787
5812,BLUE RIDGE-WM - #5812
5854,MIAMI-WM - #5854
5872,Santa Rosa Beach-WM - #5872
5879,HUNTERSVILLE-WM - #5879
5911,BOYNTON BEACH-WM - #5911
5927,Florissant-WM - #5927
5932,Pembroke Pines-WM - #5932
6173,ROBERTSDALE-WM - #6173
6370,MORRISTOWN-WM - #6370
6395,BLUFFTON-WM - #6395
6469,Byram-WM - #6469
6576,NORTH AUGUSTA-WM - #6576
6789,KING-WM - #6789
6878,HAZEL GREEN-WM - #6878
6879,FAYETTEVILLE-WM - #6879
6887,GREENWOOD-WM - #6887
7280,CULLMAN-WM - #7280
7301,CARENCRO-WM - #7301
5419,HERNANDO-WM - #5419
2209,ZANESVILLE-WM - #2209
928,ST JOHNS-WM - #928
7185,CUMMING-WM - #7185
5057,MURFREESBORO-WM - #5057
5299,CLERMONT-WM - #5299
1955,ROCKFORD-WM - #1955
110,WINTER GARDEN-WM - #110
4631,HAMMOND-WM - #4631
557,EMPORIA-WM - #557
3247,DELAVAN-WM - #3247
2803,EDMOND-WM - #2803
3502,HAMILTON-WM - #3502
5409,CLAYTON-WM - #5409
3581,ZANESVILLE-WM - #3581
1713,CANTON-WM - #1713
2429,SPRINGFIELD-WM - #2429
184,BLUE SPRINGS-WM - #184
2447,CINCINNATI-WM - #2447
1556,ORLAND HILLS-WM - #1556
229,TRUMANN-WM - #229
3344,WINCHESTER-WM - #3344
3488,BURLINGTON-WM - #3488
3486,ATHENS-WM - #3486
1898,SAINT CHARLES-WM - #1898
2098,COLUMBUS-WM - #2098
633,KEWANEE-WM - #633
382,OTTAWA-WM - #382
2819,BLUFFTON-WM - #2819
1691,OVERLAND PARK-WM - #1691
2459,SARASOTA-WM - #2459
1750,MARION-WM - #1750
169,LONOKE-WM - #169
4250,MORRISVILLE-WM - #4250
1933,NORTHLAKE-WM - #1933
1740,FREEPORT-WM - #1740
2124,BEAVERCREEK-WM - #2124
3765,PIQUA-WM - #3765
1892,HODGKINS-WM - #1892
1003,PLANO-WM - #1003
1331,SIDNEY-WM - #1331
3273,OVERLAND PARK-WM - #3273
910,LAKE GENEVA-WM - #910
1504,DAYTON-WM - #1504
560,SAINT JOSEPH-WM - #560
2131,TOPEKA-WM - #2131
3397,Miami Gardens-WM - #3397
818,PANAMA CITY BEACH-WM - #818
836,SAINT MARYS-WM - #836
3515,HILLSBORO-WM - #3515
5381,BETHEL PARK-WM - #5381
1413,CRYSTAL LAKE-WM - #1413
1599,OVERLAND PARK-WM - #1599
135,CHILLICOTHE-WM - #135
3725,NILES-WM - #3725
2956,SHOREWOOD-WM - #2956
1160,AURORA-WM - #1160
127,MALVERN-WM - #127
1167,KENOSHA-WM - #1167
1433,CELINA-WM - #1433
5466,GROVE CITY-WM - #5466
2532,BELOIT-WM - #2532
577,OLATHE-WM - #577
1594,HEATH-WM - #1594
1330,LIMA-WM - #1330
2276,LA PORTE-WM - #2276
3852,UNICOI-WM - #3852
1398,Lake Worth-WM - #1398
43,JUNCTION CITY-WM - #43
4553,KANSAS CITY-WM - #4553
5404,HOMEWOOD-WM - #5404
1490,ROCKFORD-WM - #1490
1289,WILMINGTON-WM - #1289
802,MONROE-WM - #802
566,BOONVILLE-WM - #566
532,GONZALES-WM - #532
26,LEAVENWORTH-WM - #26
3601,CRESTWOOD-WM - #3601
2788,BROWNSBURG-WM - #2788
3251,WASHINGTON COURT HOUSE-WM - #3251
1510,FLORENCE-WM - #1510
1176,STOUGHTON-WM - #1176
1124,HARTSELLE-WM - #1124
1814,ELGIN-WM - #1814
5399,DIXON-WM - #5399
198,SALEM-WM - #198
2790,Hagerstown (S)-WM - #2790
1479,VALPARAISO-WM - #1479
3206,LIMA-WM - #3206
1495,HUBER HEIGHTS-WM - #1495
2149,MOUNT VERNON-WM - #2149
7294,Norman-WM - #7294
2400,CHILLICOTHE-WM - #2400
796,PERU-WM - #796
3342,AMELIA-WM - #3342
56,AVA-WM - #56
4237,INDIAN LAND-WM - #4237
1256,JOLIET-WM - #1256
1678,DELAFIELD-WM - #1678
786,DEKALB-WM - #786
1239,URBANA-WM - #1239
3059,CANTON-WM - #3059
1443,CINCINNATI-WM - #1443
4594,CHERRYVILLE-WM - #4594
636,PRINCETON-WM - #636
1427,CIRCLEVILLE-WM - #1427
1228,ROUND LAKE BEACH-WM - #1228
1305,JANESVILLE-WM - #1305
96,HARRISONVILLE-WM - #96
5300,GIBSONTON-WM - #5300
325,RICHMOND-WM - #325
844,MORRIS-WM - #844
35,MANHATTAN-WM - #35
5894,OVIEDO-WM - #5894
1127,WADESBORO-WM - #1127
1377,JOHNSBURG-WM - #1377
1557,FISHERS-WM - #1557
484,LAWRENCE-WM - #484
5442,ADDISON-WM - #5442
891,STERLING-WM - #891
2967,FT WRIGHT-WM - #2967
2544,PORTAGE-WM - #2544
39,FORT SCOTT-WM - #39
1487,MICHIGAN CITY-WM - #1487
3812,COLUMBUS-WM - #3812
2566,CHARLES TOWN-WM - #2566
1802,TOPEKA-WM - #1802
1013,CLINTON-WM - #1013
3580,NEWARK-WM - #3580
1151,KANSAS CITY-WM - #1151
109,CAMERON-WM - #109
4593,ROCK HILL-WM - #4593
2668,STURTEVANT-WM - #2668
1513,PALM HARBOR-WM - #1513
3300,WAPAKONETA-WM - #3300
3282,LOGAN-WM - #3282
1776,WATERTOWN-WM - #1776
3571,MIDDLETOWN-WM - #3571
195,EXCELSIOR SPRINGS-WM - #195
342,HIAWATHA-WM - #342
2726,REYNOLDSBURG-WM - #2726
1452,CHARLOTTE-WM - #1452
1374,ALTAMONTE SPRINGS-WM - #1374
1441,MASON-WM - #1441
4641,HUNTLEY-WM - #4641
568,CARTHAGE-WM - #568
1264,BELLEFONTAINE-WM - #1264
3783,DAYTON-WM - #3783
2994,SAINT JOSEPH-WM - #2994
1410,TROY-WM - #1410
2857,KANSAS CITY-WM - #2857
2490,ROELAND PARK-WM - #2490
3262,CAMBRIDGE-WM - #3262
2111,BIRMINGHAM-WM - #2111
336,SHERIDAN-WM - #336
1667,WABASH-WM - #1667
2250,CINCINNATI-WM - #2250
933,ROCHELLE-WM - #933
38,Idabel-WM - #38
2426,COLUMBUS-WM - #2426
5060,ALGONQUIN-WM - #5060
5441,TOPEKA-WM - #5441
2309,WEST CHESTER-WM - #2309
5214,Kissimmee-WM - #5214
573,LEES SUMMIT-WM - #573
392,WEATHERFORD-WM - #392
1120,GLADSTONE-WM - #1120
3792,LANCASTER-WM - #3792
1618,MERRILLVILLE-WM - #1618
250,WARSAW-WM - #250
852,OTTAWA-WM - #852
923,NOBLESVILLE-WM - #923
2035,GREENVILLE-WM - #2035
234,KANSAS CITY-WM - #234
5398,ROCKFORD-WM - #5398
4414,SMITHVILLE-WM - #4414
1503,DAYTON-WM - #1503
4511,SILVIS-WM - #4511
1420,STREAMWOOD-WM - #1420
5184,CANAL WINCHESTER-WM - #5184
4699,STREATOR-WM - #4699
319,RAYMORE-WM - #319
1014,INDEPENDENCE-WM - #1014
17,NEOSHO-WM - #17
4475,OLATHE-WM - #4475
4333,Fairhope-WM - #4333
7087,SALEM-WM - #7087
7179,Swansboro-WM - #7179
7181,BEAUFORT-WM - #7181
7188,DARLINGTON-WM - #7188
7194,ADEL-WM - #7194
7243,BURGAW-WM - #7243
7246,COCHRAN-WM - #7246
4590,LEES SUMMIT-WM - #4590
5185,COLUMBUS-WM - #5185
5857,WESTERVILLE-WM - #5857
5219,LAWRENCE-WM - #5219
4529,NEW LENOX-WM - #4529
59,JOPLIN-WM - #59
90,GROVE-WM - #90
576,TULSA-WM - #576
975,DURANT-WM - #975
6931,LOUISVILLE-WM - #6931
6932,SHREVEPORT-WM - #6932
6951,SUTTON-WM - #6951
7009,RICHLANDS-WM - #7009
